﻿<?xml version="1.0"?>
<doc>
<assembly>
<name>
Exe_Converter
</name>
</assembly>
<members>
<member name="T:suXjung.My.Resources.Resources">
<summary>
  지역화된 문자열 등을 찾기 위한 강력한 형식의 리소스 클래스입니다.
</summary>
</member>
<member name="P:suXjung.My.Resources.Resources.ResourceManager">
<summary>
  이 클래스에서 사용하는 캐시된 ResourceManager 인스턴스를 반환합니다.
</summary>
</member>
<member name="P:suXjung.My.Resources.Resources.Culture">
<summary>
  이 강력한 형식의 리소스 클래스를 사용하여 모든 리소스 조회에 대해 현재 스레드의 CurrentUICulture 속성을
  재정의합니다.
</summary>
</member>
</members>
</doc>
